country_code,country_name,year,remittance_cost_pct,source_engine
4,Afghanistan,2017,9.88,un_sdg_api
4,Afghanistan,2018,9.23,un_sdg_api
4,Afghanistan,2019,9.72,un_sdg_api
4,Afghanistan,2020,9.89,un_sdg_api
4,Afghanistan,2021,8.39,un_sdg_api
4,Afghanistan,2022,9.32,un_sdg_api
4,Afghanistan,2023,8.95,un_sdg_api
8,Albania,2011,7.88,un_sdg_api
8,Albania,2015,7.9,un_sdg_api
8,Albania,2017,8.38,un_sdg_api
8,Albania,2018,8.4,un_sdg_api
8,Albania,2019,9.16,un_sdg_api
8,Albania,2020,8.59,un_sdg_api
8,Albania,2021,8.01,un_sdg_api
8,Albania,2022,9.15,un_sdg_api
8,Albania,2023,8.73,un_sdg_api
12,Algeria,2011,14.08,un_sdg_api
12,Algeria,2015,11.89,un_sdg_api
12,Algeria,2017,8.26,un_sdg_api
12,Algeria,2018,10.86,un_sdg_api
12,Algeria,2019,10.75,un_sdg_api
12,Algeria,2020,10.52,un_sdg_api
12,Algeria,2021,9.23,un_sdg_api
12,Algeria,2022,10.45,un_sdg_api
12,Algeria,2023,11.63,un_sdg_api
24,Angola,2011,17.88,un_sdg_api
24,Angola,2015,16.59,un_sdg_api
24,Angola,2017,18.7,un_sdg_api
24,Angola,2018,19.37,un_sdg_api
24,Angola,2019,19.52,un_sdg_api
24,Angola,2020,22.04,un_sdg_api
24,Angola,2021,18.74,un_sdg_api
24,Angola,2022,20.92,un_sdg_api
24,Angola,2023,17.73,un_sdg_api
51,Armenia,2011,1.83,un_sdg_api
51,Armenia,2015,1.48,un_sdg_api
51,Armenia,2017,3.97,un_sdg_api
51,Armenia,2018,5.66,un_sdg_api
51,Armenia,2019,5.02,un_sdg_api
51,Armenia,2020,5.1,un_sdg_api
51,Armenia,2021,5.64,un_sdg_api
51,Armenia,2022,5.37,un_sdg_api
51,Armenia,2023,5.78,un_sdg_api
31,Azerbaijan,2011,2.34,un_sdg_api
31,Azerbaijan,2015,1.13,un_sdg_api
31,Azerbaijan,2017,1.04,un_sdg_api
31,Azerbaijan,2018,1.32,un_sdg_api
31,Azerbaijan,2019,1.0,un_sdg_api
31,Azerbaijan,2020,1.0,un_sdg_api
31,Azerbaijan,2021,1.61,un_sdg_api
31,Azerbaijan,2022,,un_sdg_api
31,Azerbaijan,2023,,un_sdg_api
50,Bangladesh,2011,3.97,un_sdg_api
50,Bangladesh,2015,4.16,un_sdg_api
50,Bangladesh,2017,4.42,un_sdg_api
50,Bangladesh,2018,4.93,un_sdg_api
50,Bangladesh,2019,4.12,un_sdg_api
50,Bangladesh,2020,4.57,un_sdg_api
50,Bangladesh,2021,3.36,un_sdg_api
50,Bangladesh,2022,7.95,un_sdg_api
50,Bangladesh,2023,9.08,un_sdg_api
112,Belarus,2011,2.4,un_sdg_api
112,Belarus,2015,1.36,un_sdg_api
112,Belarus,2017,1.34,un_sdg_api
112,Belarus,2018,1.55,un_sdg_api
112,Belarus,2019,1.75,un_sdg_api
112,Belarus,2020,1.6,un_sdg_api
112,Belarus,2021,1.49,un_sdg_api
112,Belarus,2022,,un_sdg_api
112,Belarus,2023,,un_sdg_api
204,Benin,2017,18.3,un_sdg_api
204,Benin,2018,12.28,un_sdg_api
204,Benin,2019,9.56,un_sdg_api
204,Benin,2020,17.35,un_sdg_api
204,Benin,2021,,un_sdg_api
204,Benin,2022,,un_sdg_api
204,Benin,2023,,un_sdg_api
68,Bolivia (Plurinational State of),2011,11.52,un_sdg_api
68,Bolivia (Plurinational State of),2015,7.11,un_sdg_api
68,Bolivia (Plurinational State of),2017,4.1,un_sdg_api
68,Bolivia (Plurinational State of),2018,5.92,un_sdg_api
68,Bolivia (Plurinational State of),2019,5.41,un_sdg_api
68,Bolivia (Plurinational State of),2020,5.98,un_sdg_api
68,Bolivia (Plurinational State of),2021,5.72,un_sdg_api
68,Bolivia (Plurinational State of),2022,7.35,un_sdg_api
68,Bolivia (Plurinational State of),2023,6.29,un_sdg_api
70,Bosnia and Herzegovina,2011,13.93,un_sdg_api
70,Bosnia and Herzegovina,2015,7.28,un_sdg_api
70,Bosnia and Herzegovina,2017,6.5,un_sdg_api
70,Bosnia and Herzegovina,2018,6.9,un_sdg_api
70,Bosnia and Herzegovina,2019,7.61,un_sdg_api
70,Bosnia and Herzegovina,2020,7.27,un_sdg_api
70,Bosnia and Herzegovina,2021,6.94,un_sdg_api
70,Bosnia and Herzegovina,2022,7.84,un_sdg_api
70,Bosnia and Herzegovina,2023,7.37,un_sdg_api
72,Botswana,2011,19.57,un_sdg_api
72,Botswana,2015,19.71,un_sdg_api
72,Botswana,2017,19.15,un_sdg_api
72,Botswana,2018,18.17,un_sdg_api
72,Botswana,2019,18.43,un_sdg_api
72,Botswana,2020,20.73,un_sdg_api
72,Botswana,2021,17.25,un_sdg_api
72,Botswana,2022,19.44,un_sdg_api
72,Botswana,2023,14.49,un_sdg_api
76,Brazil,2011,13.42,un_sdg_api
76,Brazil,2015,7.01,un_sdg_api
76,Brazil,2017,6.33,un_sdg_api
76,Brazil,2018,7.06,un_sdg_api
76,Brazil,2019,7.63,un_sdg_api
76,Brazil,2020,6.9,un_sdg_api
76,Brazil,2021,6.43,un_sdg_api
76,Brazil,2022,6.17,un_sdg_api
76,Brazil,2023,5.97,un_sdg_api
100,Bulgaria,2011,9.1,un_sdg_api
100,Bulgaria,2015,9.16,un_sdg_api
100,Bulgaria,2017,8.18,un_sdg_api
100,Bulgaria,2018,8.59,un_sdg_api
100,Bulgaria,2019,8.24,un_sdg_api
100,Bulgaria,2020,7.59,un_sdg_api
100,Bulgaria,2021,9.24,un_sdg_api
100,Bulgaria,2022,11.62,un_sdg_api
100,Bulgaria,2023,12.19,un_sdg_api
132,Cabo Verde,2011,9.5,un_sdg_api
132,Cabo Verde,2015,10.69,un_sdg_api
132,Cabo Verde,2017,10.15,un_sdg_api
132,Cabo Verde,2018,9.43,un_sdg_api
132,Cabo Verde,2019,8.43,un_sdg_api
132,Cabo Verde,2020,8.23,un_sdg_api
132,Cabo Verde,2021,8.08,un_sdg_api
132,Cabo Verde,2022,8.04,un_sdg_api
132,Cabo Verde,2023,8.57,un_sdg_api
116,Cambodia,2017,15.06,un_sdg_api
116,Cambodia,2018,14.47,un_sdg_api
116,Cambodia,2019,12.4,un_sdg_api
116,Cambodia,2020,11.75,un_sdg_api
116,Cambodia,2021,11.28,un_sdg_api
116,Cambodia,2022,10.13,un_sdg_api
116,Cambodia,2023,10.11,un_sdg_api
120,Cameroon,2017,4.4,un_sdg_api
120,Cameroon,2018,4.18,un_sdg_api
120,Cameroon,2019,4.45,un_sdg_api
120,Cameroon,2020,3.63,un_sdg_api
120,Cameroon,2021,4.71,un_sdg_api
120,Cameroon,2022,6.22,un_sdg_api
120,Cameroon,2023,5.34,un_sdg_api
62,Central and Southern Asia,2011,5.69,un_sdg_api
62,Central and Southern Asia,2015,5.4,un_sdg_api
62,Central and Southern Asia,2017,5.32,un_sdg_api
62,Central and Southern Asia,2018,5.35,un_sdg_api
62,Central and Southern Asia,2019,4.99,un_sdg_api
62,Central and Southern Asia,2020,4.98,un_sdg_api
62,Central and Southern Asia,2021,4.44,un_sdg_api
62,Central and Southern Asia,2022,4.99,un_sdg_api
62,Central and Southern Asia,2023,5.47,un_sdg_api
156,China,2011,11.92,un_sdg_api
156,China,2015,10.18,un_sdg_api
156,China,2017,10.0,un_sdg_api
156,China,2018,7.99,un_sdg_api
156,China,2019,9.04,un_sdg_api
156,China,2020,8.43,un_sdg_api
156,China,2021,6.78,un_sdg_api
156,China,2022,6.37,un_sdg_api
156,China,2023,6.46,un_sdg_api
170,Colombia,2011,6.69,un_sdg_api
170,Colombia,2015,6.18,un_sdg_api
170,Colombia,2017,5.36,un_sdg_api
170,Colombia,2018,5.0,un_sdg_api
170,Colombia,2019,5.56,un_sdg_api
170,Colombia,2020,4.94,un_sdg_api
170,Colombia,2021,6.36,un_sdg_api
170,Colombia,2022,6.05,un_sdg_api
170,Colombia,2023,6.13,un_sdg_api
174,Comoros,2017,4.79,un_sdg_api
174,Comoros,2018,4.79,un_sdg_api
174,Comoros,2019,4.73,un_sdg_api
174,Comoros,2020,4.57,un_sdg_api
174,Comoros,2021,4.74,un_sdg_api
174,Comoros,2022,7.17,un_sdg_api
174,Comoros,2023,5.76,un_sdg_api
188,Costa Rica,2017,5.71,un_sdg_api
188,Costa Rica,2018,6.61,un_sdg_api
188,Costa Rica,2019,6.74,un_sdg_api
188,Costa Rica,2020,6.6,un_sdg_api
188,Costa Rica,2021,6.69,un_sdg_api
188,Costa Rica,2022,6.22,un_sdg_api
188,Costa Rica,2023,6.0,un_sdg_api
384,Côte d'Ivoire,2011,12.03,un_sdg_api
384,Côte d'Ivoire,2015,6.05,un_sdg_api
384,Côte d'Ivoire,2017,5.52,un_sdg_api
384,Côte d'Ivoire,2018,5.52,un_sdg_api
384,Côte d'Ivoire,2019,5.55,un_sdg_api
384,Côte d'Ivoire,2020,4.62,un_sdg_api
384,Côte d'Ivoire,2021,4.04,un_sdg_api
384,Côte d'Ivoire,2022,4.45,un_sdg_api
384,Côte d'Ivoire,2023,3.93,un_sdg_api
191,Croatia,2011,20.63,un_sdg_api
191,Croatia,2015,4.11,un_sdg_api
191,Croatia,2017,6.26,un_sdg_api
191,Croatia,2018,6.21,un_sdg_api
191,Croatia,2019,6.91,un_sdg_api
191,Croatia,2020,6.87,un_sdg_api
191,Croatia,2021,8.0,un_sdg_api
191,Croatia,2022,9.1,un_sdg_api
191,Croatia,2023,2.9,un_sdg_api
192,Cuba,2017,11.0,un_sdg_api
192,Cuba,2018,10.82,un_sdg_api
192,Cuba,2019,9.62,un_sdg_api
192,Cuba,2020,10.53,un_sdg_api
192,Cuba,2021,9.47,un_sdg_api
192,Cuba,2022,17.04,un_sdg_api
192,Cuba,2023,16.22,un_sdg_api
180,Democratic Republic of the Congo,2011,8.85,un_sdg_api
180,Democratic Republic of the Congo,2015,6.05,un_sdg_api
180,Democratic Republic of the Congo,2017,8.67,un_sdg_api
180,Democratic Republic of the Congo,2018,8.19,un_sdg_api
180,Democratic Republic of the Congo,2019,8.74,un_sdg_api
180,Democratic Republic of the Congo,2020,8.87,un_sdg_api
180,Democratic Republic of the Congo,2021,7.41,un_sdg_api
180,Democratic Republic of the Congo,2022,6.94,un_sdg_api
180,Democratic Republic of the Congo,2023,6.87,un_sdg_api
214,Dominican Republic,2011,5.78,un_sdg_api
214,Dominican Republic,2015,6.41,un_sdg_api
214,Dominican Republic,2017,6.83,un_sdg_api
214,Dominican Republic,2018,6.68,un_sdg_api
214,Dominican Republic,2019,5.82,un_sdg_api
214,Dominican Republic,2020,5.92,un_sdg_api
214,Dominican Republic,2021,5.34,un_sdg_api
214,Dominican Republic,2022,5.27,un_sdg_api
214,Dominican Republic,2023,5.61,un_sdg_api
753,Eastern and South-Eastern Asia,2011,8.36,un_sdg_api
753,Eastern and South-Eastern Asia,2015,7.38,un_sdg_api
753,Eastern and South-Eastern Asia,2017,7.62,un_sdg_api
753,Eastern and South-Eastern Asia,2018,6.89,un_sdg_api
753,Eastern and South-Eastern Asia,2019,6.89,un_sdg_api
753,Eastern and South-Eastern Asia,2020,6.73,un_sdg_api
753,Eastern and South-Eastern Asia,2021,5.87,un_sdg_api
753,Eastern and South-Eastern Asia,2022,5.38,un_sdg_api
753,Eastern and South-Eastern Asia,2023,5.43,un_sdg_api
218,Ecuador,2011,4.6,un_sdg_api
218,Ecuador,2015,4.34,un_sdg_api
218,Ecuador,2017,4.02,un_sdg_api
218,Ecuador,2018,4.1,un_sdg_api
218,Ecuador,2019,4.47,un_sdg_api
218,Ecuador,2020,4.8,un_sdg_api
218,Ecuador,2021,4.47,un_sdg_api
218,Ecuador,2022,4.44,un_sdg_api
218,Ecuador,2023,5.83,un_sdg_api
818,Egypt,2011,4.15,un_sdg_api
818,Egypt,2015,5.67,un_sdg_api
818,Egypt,2017,5.3,un_sdg_api
818,Egypt,2018,5.04,un_sdg_api
818,Egypt,2019,4.95,un_sdg_api
818,Egypt,2020,4.93,un_sdg_api
818,Egypt,2021,4.5,un_sdg_api
818,Egypt,2022,4.13,un_sdg_api
818,Egypt,2023,4.18,un_sdg_api
222,El Salvador,2011,4.69,un_sdg_api
222,El Salvador,2015,4.22,un_sdg_api
222,El Salvador,2017,3.91,un_sdg_api
222,El Salvador,2018,4.03,un_sdg_api
222,El Salvador,2019,3.55,un_sdg_api
222,El Salvador,2020,2.85,un_sdg_api
222,El Salvador,2021,3.94,un_sdg_api
222,El Salvador,2022,3.71,un_sdg_api
222,El Salvador,2023,4.29,un_sdg_api
232,Eritrea,2011,12.11,un_sdg_api
232,Eritrea,2015,9.09,un_sdg_api
232,Eritrea,2017,11.47,un_sdg_api
232,Eritrea,2018,8.03,un_sdg_api
232,Eritrea,2019,7.67,un_sdg_api
232,Eritrea,2020,7.47,un_sdg_api
232,Eritrea,2021,7.07,un_sdg_api
232,Eritrea,2022,8.02,un_sdg_api
232,Eritrea,2023,8.53,un_sdg_api
233,Estonia,2011,4.62,un_sdg_api
233,Estonia,2015,5.83,un_sdg_api
233,Estonia,2017,6.38,un_sdg_api
233,Estonia,2018,4.32,un_sdg_api
233,Estonia,2019,1.67,un_sdg_api
233,Estonia,2020,4.17,un_sdg_api
233,Estonia,2021,6.2,un_sdg_api
233,Estonia,2022,,un_sdg_api
233,Estonia,2023,,un_sdg_api
748,Eswatini,2011,14.29,un_sdg_api
748,Eswatini,2015,13.83,un_sdg_api
748,Eswatini,2017,15.87,un_sdg_api
748,Eswatini,2018,17.85,un_sdg_api
748,Eswatini,2019,18.21,un_sdg_api
748,Eswatini,2020,8.35,un_sdg_api
748,Eswatini,2021,18.28,un_sdg_api
748,Eswatini,2022,21.96,un_sdg_api
748,Eswatini,2023,16.44,un_sdg_api
231,Ethiopia,2011,9.29,un_sdg_api
231,Ethiopia,2015,7.9,un_sdg_api
231,Ethiopia,2017,6.48,un_sdg_api
231,Ethiopia,2018,6.27,un_sdg_api
231,Ethiopia,2019,7.07,un_sdg_api
231,Ethiopia,2020,6.89,un_sdg_api
231,Ethiopia,2021,7.07,un_sdg_api
231,Ethiopia,2022,5.36,un_sdg_api
231,Ethiopia,2023,5.51,un_sdg_api
513,Europe and Northern America,2011,7.77,un_sdg_api
513,Europe and Northern America,2015,6.57,un_sdg_api
513,Europe and Northern America,2017,6.8,un_sdg_api
513,Europe and Northern America,2018,6.69,un_sdg_api
513,Europe and Northern America,2019,6.74,un_sdg_api
513,Europe and Northern America,2020,6.38,un_sdg_api
513,Europe and Northern America,2021,6.35,un_sdg_api
513,Europe and Northern America,2022,7.0,un_sdg_api
513,Europe and Northern America,2023,6.46,un_sdg_api
242,Fiji,2011,13.37,un_sdg_api
242,Fiji,2015,9.65,un_sdg_api
242,Fiji,2017,8.91,un_sdg_api
242,Fiji,2018,8.55,un_sdg_api
242,Fiji,2019,8.67,un_sdg_api
242,Fiji,2020,7.62,un_sdg_api
242,Fiji,2021,7.39,un_sdg_api
242,Fiji,2022,7.64,un_sdg_api
242,Fiji,2023,6.71,un_sdg_api
270,Gambia,2011,9.41,un_sdg_api
270,Gambia,2015,10.03,un_sdg_api
270,Gambia,2017,9.72,un_sdg_api
270,Gambia,2018,12.67,un_sdg_api
270,Gambia,2019,13.26,un_sdg_api
270,Gambia,2020,9.16,un_sdg_api
270,Gambia,2021,12.23,un_sdg_api
270,Gambia,2022,12.99,un_sdg_api
270,Gambia,2023,11.04,un_sdg_api
268,Georgia,2011,2.63,un_sdg_api
268,Georgia,2015,1.17,un_sdg_api
268,Georgia,2017,1.34,un_sdg_api
268,Georgia,2018,1.28,un_sdg_api
268,Georgia,2019,1.42,un_sdg_api
268,Georgia,2020,1.1,un_sdg_api
268,Georgia,2021,1.49,un_sdg_api
268,Georgia,2022,,un_sdg_api
268,Georgia,2023,,un_sdg_api
288,Ghana,2011,11.6,un_sdg_api
288,Ghana,2015,9.43,un_sdg_api
288,Ghana,2017,7.19,un_sdg_api
288,Ghana,2018,6.99,un_sdg_api
288,Ghana,2019,8.12,un_sdg_api
288,Ghana,2020,7.43,un_sdg_api
288,Ghana,2021,7.56,un_sdg_api
288,Ghana,2022,12.74,un_sdg_api
288,Ghana,2023,7.06,un_sdg_api
320,Guatemala,2011,5.52,un_sdg_api
320,Guatemala,2015,4.7,un_sdg_api
320,Guatemala,2017,4.99,un_sdg_api
320,Guatemala,2018,5.24,un_sdg_api
320,Guatemala,2019,3.99,un_sdg_api
320,Guatemala,2020,3.94,un_sdg_api
320,Guatemala,2021,4.64,un_sdg_api
320,Guatemala,2022,4.36,un_sdg_api
320,Guatemala,2023,4.38,un_sdg_api
328,Guyana,2011,7.28,un_sdg_api
328,Guyana,2015,8.66,un_sdg_api
328,Guyana,2017,8.47,un_sdg_api
328,Guyana,2018,6.45,un_sdg_api
328,Guyana,2019,8.55,un_sdg_api
328,Guyana,2020,7.75,un_sdg_api
328,Guyana,2021,8.84,un_sdg_api
328,Guyana,2022,8.03,un_sdg_api
328,Guyana,2023,9.46,un_sdg_api
332,Haiti,2011,10.83,un_sdg_api
332,Haiti,2015,9.41,un_sdg_api
332,Haiti,2017,8.09,un_sdg_api
332,Haiti,2018,7.24,un_sdg_api
332,Haiti,2019,7.54,un_sdg_api
332,Haiti,2020,7.22,un_sdg_api
332,Haiti,2021,7.26,un_sdg_api
332,Haiti,2022,7.16,un_sdg_api
332,Haiti,2023,6.34,un_sdg_api
340,Honduras,2011,5.14,un_sdg_api
340,Honduras,2015,4.25,un_sdg_api
340,Honduras,2017,4.19,un_sdg_api
340,Honduras,2018,4.07,un_sdg_api
340,Honduras,2019,3.55,un_sdg_api
340,Honduras,2020,4.58,un_sdg_api
340,Honduras,2021,4.54,un_sdg_api
340,Honduras,2022,5.1,un_sdg_api
340,Honduras,2023,4.69,un_sdg_api
348,Hungary,2015,6.06,un_sdg_api
348,Hungary,2017,8.08,un_sdg_api
348,Hungary,2018,8.49,un_sdg_api
348,Hungary,2019,7.87,un_sdg_api
348,Hungary,2020,8.17,un_sdg_api
348,Hungary,2021,6.94,un_sdg_api
348,Hungary,2022,6.76,un_sdg_api
348,Hungary,2023,5.95,un_sdg_api
356,India,2011,6.96,un_sdg_api
356,India,2015,6.5,un_sdg_api
356,India,2017,5.98,un_sdg_api
356,India,2018,5.68,un_sdg_api
356,India,2019,5.38,un_sdg_api
356,India,2020,5.41,un_sdg_api
356,India,2021,5.31,un_sdg_api
356,India,2022,4.65,un_sdg_api
356,India,2023,4.95,un_sdg_api
360,Indonesia,2011,5.94,un_sdg_api
360,Indonesia,2015,6.9,un_sdg_api
360,Indonesia,2017,7.13,un_sdg_api
360,Indonesia,2018,6.85,un_sdg_api
360,Indonesia,2019,6.08,un_sdg_api
360,Indonesia,2020,6.57,un_sdg_api
360,Indonesia,2021,6.15,un_sdg_api
360,Indonesia,2022,5.26,un_sdg_api
360,Indonesia,2023,5.32,un_sdg_api
388,Jamaica,2011,8.94,un_sdg_api
388,Jamaica,2015,8.53,un_sdg_api
388,Jamaica,2017,8.89,un_sdg_api
388,Jamaica,2018,8.22,un_sdg_api
388,Jamaica,2019,8.13,un_sdg_api
388,Jamaica,2020,6.9,un_sdg_api
388,Jamaica,2021,6.6,un_sdg_api
388,Jamaica,2022,6.19,un_sdg_api
388,Jamaica,2023,6.57,un_sdg_api
400,Jordan,2011,5.31,un_sdg_api
400,Jordan,2015,5.78,un_sdg_api
400,Jordan,2017,5.7,un_sdg_api
400,Jordan,2018,5.41,un_sdg_api
400,Jordan,2019,4.85,un_sdg_api
400,Jordan,2020,5.4,un_sdg_api
400,Jordan,2021,5.62,un_sdg_api
400,Jordan,2022,4.89,un_sdg_api
400,Jordan,2023,4.86,un_sdg_api
398,Kazakhstan,2011,2.28,un_sdg_api
398,Kazakhstan,2015,1.43,un_sdg_api
398,Kazakhstan,2017,1.34,un_sdg_api
398,Kazakhstan,2018,1.48,un_sdg_api
398,Kazakhstan,2019,1.5,un_sdg_api
398,Kazakhstan,2020,1.4,un_sdg_api
398,Kazakhstan,2021,1.53,un_sdg_api
398,Kazakhstan,2022,,un_sdg_api
398,Kazakhstan,2023,,un_sdg_api
404,Kenya,2011,13.1,un_sdg_api
404,Kenya,2015,8.83,un_sdg_api
404,Kenya,2017,7.93,un_sdg_api
404,Kenya,2018,8.36,un_sdg_api
404,Kenya,2019,7.68,un_sdg_api
404,Kenya,2020,8.45,un_sdg_api
404,Kenya,2021,9.24,un_sdg_api
404,Kenya,2022,7.47,un_sdg_api
404,Kenya,2023,8.75,un_sdg_api
412,Kosovo,2017,7.01,un_sdg_api
412,Kosovo,2018,7.62,un_sdg_api
412,Kosovo,2019,7.09,un_sdg_api
412,Kosovo,2020,7.27,un_sdg_api
412,Kosovo,2021,5.92,un_sdg_api
412,Kosovo,2022,5.32,un_sdg_api
412,Kosovo,2023,5.56,un_sdg_api
417,Kyrgyzstan,2011,2.22,un_sdg_api
417,Kyrgyzstan,2015,1.25,un_sdg_api
417,Kyrgyzstan,2017,4.01,un_sdg_api
417,Kyrgyzstan,2018,5.46,un_sdg_api
417,Kyrgyzstan,2019,4.6,un_sdg_api
417,Kyrgyzstan,2020,4.51,un_sdg_api
417,Kyrgyzstan,2021,4.31,un_sdg_api
417,Kyrgyzstan,2022,9.63,un_sdg_api
417,Kyrgyzstan,2023,8.38,un_sdg_api
418,Lao People's Democratic Republic,2017,16.32,un_sdg_api
418,Lao People's Democratic Republic,2018,15.67,un_sdg_api
418,Lao People's Democratic Republic,2019,12.03,un_sdg_api
418,Lao People's Democratic Republic,2020,11.9,un_sdg_api
418,Lao People's Democratic Republic,2021,11.8,un_sdg_api
418,Lao People's Democratic Republic,2022,12.39,un_sdg_api
418,Lao People's Democratic Republic,2023,12.72,un_sdg_api
419,Latin America and the Caribbean,2011,7.68,un_sdg_api
419,Latin America and the Caribbean,2015,6.29,un_sdg_api
419,Latin America and the Caribbean,2017,5.66,un_sdg_api
419,Latin America and the Caribbean,2018,5.87,un_sdg_api
419,Latin America and the Caribbean,2019,5.92,un_sdg_api
419,Latin America and the Caribbean,2020,5.83,un_sdg_api
419,Latin America and the Caribbean,2021,5.72,un_sdg_api
419,Latin America and the Caribbean,2022,5.64,un_sdg_api
419,Latin America and the Caribbean,2023,5.83,un_sdg_api
428,Latvia,2011,4.25,un_sdg_api
428,Latvia,2015,4.78,un_sdg_api
428,Latvia,2017,5.11,un_sdg_api
428,Latvia,2018,4.0,un_sdg_api
428,Latvia,2019,1.83,un_sdg_api
428,Latvia,2020,3.67,un_sdg_api
428,Latvia,2021,5.85,un_sdg_api
428,Latvia,2022,,un_sdg_api
428,Latvia,2023,,un_sdg_api
422,Lebanon,2011,13.57,un_sdg_api
422,Lebanon,2015,13.13,un_sdg_api
422,Lebanon,2017,11.66,un_sdg_api
422,Lebanon,2018,10.97,un_sdg_api
422,Lebanon,2019,10.45,un_sdg_api
422,Lebanon,2020,10.85,un_sdg_api
422,Lebanon,2021,10.16,un_sdg_api
422,Lebanon,2022,9.83,un_sdg_api
422,Lebanon,2023,9.93,un_sdg_api
426,Lesotho,2011,14.29,un_sdg_api
426,Lesotho,2015,13.83,un_sdg_api
426,Lesotho,2017,15.87,un_sdg_api
426,Lesotho,2018,15.08,un_sdg_api
426,Lesotho,2019,15.0,un_sdg_api
426,Lesotho,2020,8.02,un_sdg_api
426,Lesotho,2021,17.13,un_sdg_api
426,Lesotho,2022,20.31,un_sdg_api
426,Lesotho,2023,14.98,un_sdg_api
430,Liberia,2015,5.04,un_sdg_api
430,Liberia,2017,5.53,un_sdg_api
430,Liberia,2018,4.93,un_sdg_api
430,Liberia,2019,4.17,un_sdg_api
430,Liberia,2020,4.31,un_sdg_api
430,Liberia,2021,7.49,un_sdg_api
430,Liberia,2022,4.82,un_sdg_api
430,Liberia,2023,5.08,un_sdg_api
440,Lithuania,2011,7.8,un_sdg_api
440,Lithuania,2015,8.19,un_sdg_api
440,Lithuania,2017,7.07,un_sdg_api
440,Lithuania,2018,6.66,un_sdg_api
440,Lithuania,2019,5.67,un_sdg_api
440,Lithuania,2020,6.39,un_sdg_api
440,Lithuania,2021,6.03,un_sdg_api
440,Lithuania,2022,7.01,un_sdg_api
440,Lithuania,2023,6.87,un_sdg_api
450,Madagascar,2017,7.92,un_sdg_api
450,Madagascar,2018,8.16,un_sdg_api
450,Madagascar,2019,8.58,un_sdg_api
450,Madagascar,2020,9.78,un_sdg_api
450,Madagascar,2021,10.67,un_sdg_api
450,Madagascar,2022,10.72,un_sdg_api
450,Madagascar,2023,8.9,un_sdg_api
454,Malawi,2011,16.19,un_sdg_api
454,Malawi,2015,9.14,un_sdg_api
454,Malawi,2017,16.95,un_sdg_api
454,Malawi,2018,15.82,un_sdg_api
454,Malawi,2019,14.47,un_sdg_api
454,Malawi,2020,16.26,un_sdg_api
454,Malawi,2021,14.79,un_sdg_api
454,Malawi,2022,13.13,un_sdg_api
454,Malawi,2023,-0.1,un_sdg_api
458,Malaysia,2011,7.15,un_sdg_api
458,Malaysia,2015,5.73,un_sdg_api
458,Malaysia,2017,8.06,un_sdg_api
458,Malaysia,2018,7.41,un_sdg_api
458,Malaysia,2019,5.86,un_sdg_api
458,Malaysia,2020,4.8,un_sdg_api
458,Malaysia,2021,5.36,un_sdg_api
458,Malaysia,2022,5.65,un_sdg_api
458,Malaysia,2023,4.19,un_sdg_api
466,Mali,2011,11.23,un_sdg_api
466,Mali,2015,5.11,un_sdg_api
466,Mali,2017,5.05,un_sdg_api
466,Mali,2018,5.09,un_sdg_api
466,Mali,2019,4.75,un_sdg_api
466,Mali,2020,4.24,un_sdg_api
466,Mali,2021,3.52,un_sdg_api
466,Mali,2022,3.73,un_sdg_api
466,Mali,2023,4.02,un_sdg_api
484,Mexico,2011,5.97,un_sdg_api
484,Mexico,2015,5.59,un_sdg_api
484,Mexico,2017,4.86,un_sdg_api
484,Mexico,2018,4.06,un_sdg_api
484,Mexico,2019,4.61,un_sdg_api
484,Mexico,2020,4.18,un_sdg_api
484,Mexico,2021,4.39,un_sdg_api
484,Mexico,2022,4.45,un_sdg_api
484,Mexico,2023,4.7,un_sdg_api
504,Morocco,2011,8.47,un_sdg_api
504,Morocco,2015,6.99,un_sdg_api
504,Morocco,2017,6.78,un_sdg_api
504,Morocco,2018,5.98,un_sdg_api
504,Morocco,2019,6.2,un_sdg_api
504,Morocco,2020,6.44,un_sdg_api
504,Morocco,2021,5.71,un_sdg_api
504,Morocco,2022,5.45,un_sdg_api
504,Morocco,2023,5.38,un_sdg_api
508,Mozambique,2011,19.74,un_sdg_api
508,Mozambique,2015,18.16,un_sdg_api
508,Mozambique,2017,14.67,un_sdg_api
508,Mozambique,2018,11.5,un_sdg_api
508,Mozambique,2019,13.61,un_sdg_api
508,Mozambique,2020,12.5,un_sdg_api
508,Mozambique,2021,11.07,un_sdg_api
508,Mozambique,2022,12.08,un_sdg_api
508,Mozambique,2023,8.93,un_sdg_api
104,Myanmar,2017,12.13,un_sdg_api
104,Myanmar,2018,14.38,un_sdg_api
104,Myanmar,2019,10.57,un_sdg_api
104,Myanmar,2020,10.19,un_sdg_api
104,Myanmar,2021,7.19,un_sdg_api
104,Myanmar,2022,-0.56,un_sdg_api
104,Myanmar,2023,6.65,un_sdg_api
516,Namibia,2017,27.64,un_sdg_api
516,Namibia,2018,26.94,un_sdg_api
516,Namibia,2019,16.05,un_sdg_api
516,Namibia,2020,19.09,un_sdg_api
516,Namibia,2021,12.68,un_sdg_api
516,Namibia,2022,26.34,un_sdg_api
516,Namibia,2023,11.28,un_sdg_api
524,Nepal,2011,5.58,un_sdg_api
524,Nepal,2015,3.57,un_sdg_api
524,Nepal,2017,4.69,un_sdg_api
524,Nepal,2018,5.02,un_sdg_api
524,Nepal,2019,4.82,un_sdg_api
524,Nepal,2020,4.54,un_sdg_api
524,Nepal,2021,3.97,un_sdg_api
524,Nepal,2022,3.66,un_sdg_api
524,Nepal,2023,3.69,un_sdg_api
558,Nicaragua,2011,4.5,un_sdg_api
558,Nicaragua,2015,4.06,un_sdg_api
558,Nicaragua,2017,4.16,un_sdg_api
558,Nicaragua,2018,5.06,un_sdg_api
558,Nicaragua,2019,4.5,un_sdg_api
558,Nicaragua,2020,4.44,un_sdg_api
558,Nicaragua,2021,5.86,un_sdg_api
558,Nicaragua,2022,4.76,un_sdg_api
558,Nicaragua,2023,5.22,un_sdg_api
566,Nigeria,2011,10.11,un_sdg_api
566,Nigeria,2015,7.75,un_sdg_api
566,Nigeria,2017,8.51,un_sdg_api
566,Nigeria,2018,7.61,un_sdg_api
566,Nigeria,2019,8.61,un_sdg_api
566,Nigeria,2020,7.07,un_sdg_api
566,Nigeria,2021,5.44,un_sdg_api
566,Nigeria,2022,4.1,un_sdg_api
566,Nigeria,2023,4.85,un_sdg_api
807,North Macedonia,2017,10.43,un_sdg_api
807,North Macedonia,2018,10.18,un_sdg_api
807,North Macedonia,2019,11.14,un_sdg_api
807,North Macedonia,2020,7.41,un_sdg_api
807,North Macedonia,2021,6.75,un_sdg_api
807,North Macedonia,2022,6.11,un_sdg_api
807,North Macedonia,2023,6.25,un_sdg_api
747,Northern Africa and Western Asia,2011,7.16,un_sdg_api
747,Northern Africa and Western Asia,2015,7.54,un_sdg_api
747,Northern Africa and Western Asia,2017,7.01,un_sdg_api
747,Northern Africa and Western Asia,2018,6.84,un_sdg_api
747,Northern Africa and Western Asia,2019,6.67,un_sdg_api
747,Northern Africa and Western Asia,2020,7.35,un_sdg_api
747,Northern Africa and Western Asia,2021,6.47,un_sdg_api
747,Northern Africa and Western Asia,2022,6.1,un_sdg_api
747,Northern Africa and Western Asia,2023,6.08,un_sdg_api
543,Oceania (exc. Australia and New Zealand),2011,13.39,un_sdg_api
543,Oceania (exc. Australia and New Zealand),2015,10.1,un_sdg_api
543,Oceania (exc. Australia and New Zealand),2017,10.93,un_sdg_api
543,Oceania (exc. Australia and New Zealand),2018,9.57,un_sdg_api
543,Oceania (exc. Australia and New Zealand),2019,9.6,un_sdg_api
543,Oceania (exc. Australia and New Zealand),2020,9.08,un_sdg_api
543,Oceania (exc. Australia and New Zealand),2021,8.91,un_sdg_api
543,Oceania (exc. Australia and New Zealand),2022,8.23,un_sdg_api
543,Oceania (exc. Australia and New Zealand),2023,8.33,un_sdg_api
586,Pakistan,2011,6.59,un_sdg_api
586,Pakistan,2015,5.39,un_sdg_api
586,Pakistan,2017,4.76,un_sdg_api
586,Pakistan,2018,5.47,un_sdg_api
586,Pakistan,2019,4.77,un_sdg_api
586,Pakistan,2020,4.02,un_sdg_api
586,Pakistan,2021,4.25,un_sdg_api
586,Pakistan,2022,3.72,un_sdg_api
586,Pakistan,2023,3.7,un_sdg_api
591,Panama,2011,5.45,un_sdg_api
591,Panama,2015,4.69,un_sdg_api
591,Panama,2017,4.95,un_sdg_api
591,Panama,2018,4.63,un_sdg_api
591,Panama,2019,3.86,un_sdg_api
591,Panama,2020,3.95,un_sdg_api
591,Panama,2021,5.4,un_sdg_api
591,Panama,2022,4.06,un_sdg_api
591,Panama,2023,4.59,un_sdg_api
598,Papua New Guinea,2011,16.87,un_sdg_api
600,Paraguay,2011,11.57,un_sdg_api
600,Paraguay,2015,7.07,un_sdg_api
600,Paraguay,2017,5.36,un_sdg_api
600,Paraguay,2018,6.96,un_sdg_api
600,Paraguay,2019,6.63,un_sdg_api
600,Paraguay,2020,9.17,un_sdg_api
600,Paraguay,2021,4.51,un_sdg_api
600,Paraguay,2022,8.45,un_sdg_api
600,Paraguay,2023,7.41,un_sdg_api
604,Peru,2011,4.99,un_sdg_api
604,Peru,2015,6.03,un_sdg_api
604,Peru,2017,4.63,un_sdg_api
604,Peru,2018,4.85,un_sdg_api
604,Peru,2019,4.79,un_sdg_api
604,Peru,2020,6.16,un_sdg_api
604,Peru,2021,4.67,un_sdg_api
604,Peru,2022,5.11,un_sdg_api
604,Peru,2023,4.74,un_sdg_api
608,Philippines,2011,6.16,un_sdg_api
608,Philippines,2015,6.25,un_sdg_api
608,Philippines,2017,5.46,un_sdg_api
608,Philippines,2018,5.07,un_sdg_api
608,Philippines,2019,4.95,un_sdg_api
608,Philippines,2020,4.57,un_sdg_api
608,Philippines,2021,4.12,un_sdg_api
608,Philippines,2022,4.14,un_sdg_api
608,Philippines,2023,3.91,un_sdg_api
616,Poland,2011,7.18,un_sdg_api
616,Poland,2015,6.63,un_sdg_api
616,Poland,2017,5.74,un_sdg_api
616,Poland,2018,5.01,un_sdg_api
616,Poland,2019,5.19,un_sdg_api
616,Poland,2020,3.74,un_sdg_api
616,Poland,2021,4.85,un_sdg_api
616,Poland,2022,4.46,un_sdg_api
616,Poland,2023,4.53,un_sdg_api
498,Republic of Moldova,2011,7.72,un_sdg_api
498,Republic of Moldova,2015,5.7,un_sdg_api
498,Republic of Moldova,2017,5.74,un_sdg_api
498,Republic of Moldova,2018,5.81,un_sdg_api
498,Republic of Moldova,2019,5.99,un_sdg_api
498,Republic of Moldova,2020,5.61,un_sdg_api
498,Republic of Moldova,2021,4.27,un_sdg_api
498,Republic of Moldova,2022,4.71,un_sdg_api
498,Republic of Moldova,2023,6.02,un_sdg_api
642,Romania,2011,7.05,un_sdg_api
642,Romania,2015,6.06,un_sdg_api
642,Romania,2017,5.08,un_sdg_api
642,Romania,2018,4.78,un_sdg_api
642,Romania,2019,4.79,un_sdg_api
642,Romania,2020,4.35,un_sdg_api
642,Romania,2021,5.21,un_sdg_api
642,Romania,2022,5.31,un_sdg_api
642,Romania,2023,4.35,un_sdg_api
646,Rwanda,2011,16.59,un_sdg_api
646,Rwanda,2015,13.84,un_sdg_api
646,Rwanda,2017,11.54,un_sdg_api
646,Rwanda,2018,12.95,un_sdg_api
646,Rwanda,2019,11.38,un_sdg_api
646,Rwanda,2020,9.89,un_sdg_api
646,Rwanda,2021,10.85,un_sdg_api
646,Rwanda,2022,8.27,un_sdg_api
646,Rwanda,2023,8.3,un_sdg_api
882,Samoa,2011,10.69,un_sdg_api
882,Samoa,2015,8.48,un_sdg_api
882,Samoa,2017,10.48,un_sdg_api
882,Samoa,2018,9.03,un_sdg_api
882,Samoa,2019,9.19,un_sdg_api
882,Samoa,2020,8.4,un_sdg_api
882,Samoa,2021,9.32,un_sdg_api
882,Samoa,2022,7.71,un_sdg_api
882,Samoa,2023,8.0,un_sdg_api
686,Senegal,2011,9.89,un_sdg_api
686,Senegal,2015,5.58,un_sdg_api
686,Senegal,2017,5.09,un_sdg_api
686,Senegal,2018,5.18,un_sdg_api
686,Senegal,2019,5.38,un_sdg_api
686,Senegal,2020,4.51,un_sdg_api
686,Senegal,2021,4.49,un_sdg_api
686,Senegal,2022,3.97,un_sdg_api
686,Senegal,2023,3.97,un_sdg_api
688,Serbia,2011,10.52,un_sdg_api
688,Serbia,2015,9.22,un_sdg_api
688,Serbia,2017,9.19,un_sdg_api
688,Serbia,2018,8.31,un_sdg_api
688,Serbia,2019,7.48,un_sdg_api
688,Serbia,2020,7.21,un_sdg_api
688,Serbia,2021,6.3,un_sdg_api
688,Serbia,2022,6.96,un_sdg_api
688,Serbia,2023,6.73,un_sdg_api
694,Sierra Leone,2011,8.05,un_sdg_api
694,Sierra Leone,2015,5.25,un_sdg_api
694,Sierra Leone,2017,8.31,un_sdg_api
694,Sierra Leone,2018,10.35,un_sdg_api
694,Sierra Leone,2019,11.26,un_sdg_api
694,Sierra Leone,2020,9.82,un_sdg_api
694,Sierra Leone,2021,8.37,un_sdg_api
694,Sierra Leone,2022,8.46,un_sdg_api
694,Sierra Leone,2023,6.86,un_sdg_api
706,Somalia,2011,8.97,un_sdg_api
706,Somalia,2015,6.51,un_sdg_api
706,Somalia,2017,8.42,un_sdg_api
706,Somalia,2018,7.32,un_sdg_api
706,Somalia,2019,8.09,un_sdg_api
706,Somalia,2020,8.5,un_sdg_api
706,Somalia,2021,8.1,un_sdg_api
706,Somalia,2022,7.08,un_sdg_api
706,Somalia,2023,6.72,un_sdg_api
710,South Africa,2011,8.03,un_sdg_api
710,South Africa,2015,8.98,un_sdg_api
710,South Africa,2017,8.07,un_sdg_api
710,South Africa,2018,8.1,un_sdg_api
710,South Africa,2019,7.54,un_sdg_api
710,South Africa,2020,8.14,un_sdg_api
710,South Africa,2021,8.21,un_sdg_api
710,South Africa,2022,6.68,un_sdg_api
710,South Africa,2023,7.17,un_sdg_api
728,South Sudan,2017,9.66,un_sdg_api
728,South Sudan,2018,9.45,un_sdg_api
728,South Sudan,2019,9.16,un_sdg_api
728,South Sudan,2020,8.91,un_sdg_api
728,South Sudan,2021,7.52,un_sdg_api
728,South Sudan,2022,10.11,un_sdg_api
728,South Sudan,2023,8.48,un_sdg_api
144,Sri Lanka,2011,5.59,un_sdg_api
144,Sri Lanka,2015,5.57,un_sdg_api
144,Sri Lanka,2017,5.25,un_sdg_api
144,Sri Lanka,2018,4.49,un_sdg_api
144,Sri Lanka,2019,4.44,un_sdg_api
144,Sri Lanka,2020,4.48,un_sdg_api
144,Sri Lanka,2021,3.8,un_sdg_api
144,Sri Lanka,2022,4.22,un_sdg_api
144,Sri Lanka,2023,5.04,un_sdg_api
275,State of Palestine,2017,7.29,un_sdg_api
275,State of Palestine,2018,6.31,un_sdg_api
275,State of Palestine,2019,6.09,un_sdg_api
275,State of Palestine,2020,6.22,un_sdg_api
275,State of Palestine,2021,3.51,un_sdg_api
275,State of Palestine,2022,3.33,un_sdg_api
275,State of Palestine,2023,3.55,un_sdg_api
202,Sub-Saharan Africa,2011,12.41,un_sdg_api
202,Sub-Saharan Africa,2015,9.78,un_sdg_api
202,Sub-Saharan Africa,2017,9.19,un_sdg_api
202,Sub-Saharan Africa,2018,8.96,un_sdg_api
202,Sub-Saharan Africa,2019,9.02,un_sdg_api
202,Sub-Saharan Africa,2020,8.46,un_sdg_api
202,Sub-Saharan Africa,2021,8.29,un_sdg_api
202,Sub-Saharan Africa,2022,8.5,un_sdg_api
202,Sub-Saharan Africa,2023,7.36,un_sdg_api
729,Sudan,2017,4.9,un_sdg_api
729,Sudan,2018,7.08,un_sdg_api
729,Sudan,2019,8.57,un_sdg_api
